id;nome;telefone;email;crmv;enviar_laudo
1;Agent;Bedfordshire;Gael74@gmail.com;online Intuitive;true
2;invoice Assurance Intuitive;overriding Chief;Ladislau_Santos@hotmail.com;circuit Response;false
3;Alameda supply-chains;Human;Emanuelly_Santos@hotmail.com;dynamic;true
4;Granito;Salada Eslovênia;Clara51@yahoo.com;enhance;true
5;Networked invoice de;responsive auxiliary;Meire22@yahoo.com;zero SQL synthesizing;true
6;sensor;Crianças Alagoas Quiribati;Lorraine_Saraiva@bol.com.br;Investment;false
7;Down-sized;Account Inteligente;Carla.Braga43@bol.com.br;Aço;true
8;synthesizing Focused;Checking;Yasmin.Xavier@gmail.com;generate XSS Marginal;false
9;Centralized;Account withdrawal;Vitria0@hotmail.com;Pernambuco GB ADP;false
10;Bicicleta;Santo;Alcia97@bol.com.br;transmit withdrawal;false
