id;nome;descricao;file;file_content_type
1;Incrível Technician;Research Personal Buckinghamshire;../fake-data/blob/hipster.png;image/png
2;Genérico tolerance;Rondônia Casa;../fake-data/blob/hipster.png;image/png
3;Product e-services;Congelado Paulo cultivate;../fake-data/blob/hipster.png;image/png
4;index Cambridgeshire;synthesizing Agent;../fake-data/blob/hipster.png;image/png
5;deposit;Queijo;../fake-data/blob/hipster.png;image/png
6;neural-net Architect;functionalities payment indexing;../fake-data/blob/hipster.png;image/png
7;USB;Interface Bola;../fake-data/blob/hipster.png;image/png
8;product;Cook;../fake-data/blob/hipster.png;image/png
9;ubiquitous;SMS JBOD;../fake-data/blob/hipster.png;image/png
10;secured Malagasy niches;redefine rosa;../fake-data/blob/hipster.png;image/png
